{"_timestamp":1.7538125570375e+09,"val_Loss":0.05310001978889495,"_step":10,"test_Loss":0.05293851502191942,"_wandb":{"runtime":22},"_runtime":22,"train_Loss":0.0533052924257272}