{"_wandb":{"runtime":28},"_runtime":28.121049708,"train_loss_layer":1.7597745915651317,"train_ff_accuracy_layer":0.8019400004148463,"_timestamp":1.753812192456327e+09,"val_Loss":0.12215618453919885,"_step":2,"train_Loss":1.8801254216432555}