{"train_loss_layer":2.203189694612411,"val_Loss":0.08154891765652557,"_step":10,"train_ff_accuracy_layer":0.7841609314980791,"test_Loss":0.07726768736178301,"_wandb":{"runtime":85},"_timestamp":1.753813042764833e+09,"train_Loss":0.07772506743659956,"_runtime":85}