{"_timestamp":1.7538127755854878e+09,"val_Loss":0.05310001978889495,"test_Loss":0.05293851502191942,"_wandb":{"runtime":21},"_runtime":21,"_step":10,"train_Loss":0.0533052924257272}